,name,value
0,P_m,0.5065502183406113
1,P_f,0.0
2,P_d,0.49344978165938863
