name,value
Accuracy,0.30023183925811436
GAP,7.862253321799795e-05
