Case,Disco Score
Names,0.8035714285714286
Nouns,0.617445054945055
