{
  "bert-base-cased": {
    "intrasentence": {
      "gender": {
        "Count": 765.0,
        "LM Score": 82.50328729241772,
        "SS Score": 61.48204661682922,
        "ICAT Score": 63.55715547775384
      },
      "profession": {
        "Count": 2430.0,
        "LM Score": 82.31092099986019,
        "SS Score": 60.8476591974996,
        "ICAT Score": 64.45330461508425
      },
      "race": {
        "Count": 2886.0,
        "LM Score": 83.82409779040428,
        "SS Score": 56.29627559199869,
        "ICAT Score": 73.26850537162359
      },
      "religion": {
        "Count": 237.0,
        "LM Score": 82.16091954022988,
        "SS Score": 56.27586206896552,
        "ICAT Score": 71.84830757035274
      },
      "overall": {
        "Count": 2106.0,
        "LM Score": 83.01912382272438,
        "SS Score": 58.68030062800166,
        "ICAT Score": 68.60650476963355
      }
    },
    "intersentence": {
      "gender": {
        "Count": 726.0,
        "LM Score": 90.84746774964165,
        "SS Score": 62.026618711401326,
        "ICAT Score": 68.99571063921627
      },
      "profession": {
        "Count": 2481.0,
        "LM Score": 85.87218285497853,
        "SS Score": 62.32294703538678,
        "ICAT Score": 64.70821563227955
      },
      "race": {
        "Count": 2928.0,
        "LM Score": 89.67450156426334,
        "SS Score": 58.359268553512166,
        "ICAT Score": 74.68223674470285
      },
      "religion": {
        "Count": 234.0,
        "LM Score": 93.6455938697318,
        "SS Score": 61.03639846743295,
        "ICAT Score": 72.97539209641667
      },
      "overall": {
        "Count": 2123.0,
        "LM Score": 88.52986077301836,
        "SS Score": 60.43034761397915,
        "ICAT Score": 70.06191633142319
      }
    },
    "overall": {
      "Count": 4229.0,
      "LM Score": 85.77180212754598,
      "SS Score": 59.555742005152865,
      "ICAT Score": 69.37953787858896
    }
  }
}