Language,CB Score
English,2.432775823387933
Chinese,256.6190201911273
