name,value
Mean,0.4847417332369418
Standard Deviation,0.809558637492448
