,name,gender
0,max_iou,0.7272683476972479
1,min_iou,0.6513401007818843
2,SNSR_iou,0.0759282469153636
3,SNSV_iou,0.02988658407025616
